[{"id":"51996712772@s.whatsapp.net","name":"god","age":"99","time":"god","serial":"99"},{"id":"51983212071@s.whatsapp.net","name":"Lord of the night","age":"3?","time":"Lord of the night","serial":"3?"},{"id":"595993543306@s.whatsapp.net","name":"fer","age":"15","time":"fer","serial":"15"},{"id":"5491122993618@s.whatsapp.net","name":"licht","age":"15","time":"licht","serial":"15"},{"id":"573229339090@s.whatsapp.net","name":"rick","age":"16","time":"rick","serial":"16"},{"id":"573128524581@s.whatsapp.net","name":"N.U","age":"16","time":"N.U","serial":"16"},{"id":"595986589906@s.whatsapp.net","name":"miku","age":"13","time":"miku","serial":"13"},{"id":"595986622678@s.whatsapp.net","name":"facu","age":"19","time":"facu","serial":"19"},{"id":"5492945585705@s.whatsapp.net","name":"Daniel 17","time":"Daniel 17","serial":"undefined"},{"id":"50671821056@s.whatsapp.net","name":"Elmer 16","time":"Elmer 16","serial":"undefined"},{"id":"51961754884@s.whatsapp.net","name":"freddy","age":"18","time":"freddy","serial":"18"},{"id":"573117349422@s.whatsapp.net","name":"The Dark Gamer","time":"The Dark Gamer","serial":"undefined"},{"id":"51912847685@s.whatsapp.net","name":"nombre","age":"","time":"nombre","serial":""},{"id":"51981920727@s.whatsapp.net","name":"god","age":"99","time":"god","serial":"99"},{"id":"51994707978@s.whatsapp.net","name":"sumi-chan 16","time":"sumi-chan 16","serial":"undefined"},{"id":"51994178588@s.whatsapp.net","name":"JR","age":"19","time":"JR","serial":"19"},{"id":"5219516580052@s.whatsapp.net","name":"lilnoah 18 tetaa","time":"lilnoah 18 tetaa","serial":"undefined"},{"id":"5212484880273@s.whatsapp.net","name":"El Coge Viejas","time":"El Coge Viejas","serial":"undefined"},{"id":"573024034788@s.whatsapp.net","name":"mira que te como","time":"mira que te como","serial":"undefined"},{"id":"5219831776521@s.whatsapp.net","name":"sexo","time":"sexo","serial":"undefined"},{"id":"5216623941459@s.whatsapp.net","name":"pilin","time":"pilin","serial":"undefined"},{"id":"51900234096@s.whatsapp.net","name":"matt","age":"19","time":"matt","serial":"19"},{"id":"51923242247@s.whatsapp.net","name":"Leidy U.A","age":"15","time":"Leidy U.A","serial":"15"},{"id":"593994734138@s.whatsapp.net","name":"#w?","age":"15","time":"#w?","serial":"15"},{"id":"51991134021@s.whatsapp.net","name":"mattm","age":"19","time":"mattm","serial":"19"},{"id":"51948258899@s.whatsapp.net","name":"Meléndez","age":"19","time":"Meléndez","serial":"19"},{"id":"5491126060967@s.whatsapp.net","name":"tom","age":"14","time":"tom","serial":"14"},{"id":"5214931171961@s.whatsapp.net","name":"Matt","age":"18","time":"Matt","serial":"18"}]